timestamp,elapsed_s,pid,tid,pcpu,state,comm
2026-07-07T19:39:13+08:00,0,387,387,0.0,D+,simulate
2026-07-07T19:39:18+08:00,5,387,387,88.4,Rl+,simulate
2026-07-07T19:39:18+08:00,5,387,395,1.6,Sl+,simulate
2026-07-07T19:39:18+08:00,5,387,396,1.4,Sl+,simulate
2026-07-07T19:39:18+08:00,5,387,397,1.4,Sl+,simulate
2026-07-07T19:39:18+08:00,5,387,398,1.6,Sl+,simulate
2026-07-07T19:39:18+08:00,5,387,399,1.6,Sl+,simulate
2026-07-07T19:39:18+08:00,5,387,400,1.6,Sl+,simulate
2026-07-07T19:39:18+08:00,5,387,401,1.6,Sl+,simulate
2026-07-07T19:39:18+08:00,5,387,402,1.6,Sl+,simulate
2026-07-07T19:39:18+08:00,5,387,403,1.6,Sl+,simulate
2026-07-07T19:39:18+08:00,5,387,404,1.6,Sl+,simulate
2026-07-07T19:39:18+08:00,5,387,405,1.6,Sl+,simulate
2026-07-07T19:39:18+08:00,5,387,406,1.4,Sl+,simulate
2026-07-07T19:39:18+08:00,5,387,407,1.6,Sl+,simulate
2026-07-07T19:39:18+08:00,5,387,408,1.6,Sl+,simulate
2026-07-07T19:39:18+08:00,5,387,409,1.6,Sl+,simulate
2026-07-07T19:39:18+08:00,5,387,410,1.6,Sl+,simulate
2026-07-07T19:39:18+08:00,5,387,411,1.6,Sl+,simulate
2026-07-07T19:39:18+08:00,5,387,412,1.6,Sl+,simulate
2026-07-07T19:39:18+08:00,5,387,413,1.6,Sl+,simulate
2026-07-07T19:39:18+08:00,5,387,414,1.6,Sl+,simulate
2026-07-07T19:39:18+08:00,5,387,415,1.6,Sl+,simulate
2026-07-07T19:39:18+08:00,5,387,416,1.4,Sl+,simulate
2026-07-07T19:39:18+08:00,5,387,417,1.6,Sl+,simulate
2026-07-07T19:39:18+08:00,5,387,418,1.6,Sl+,simulate
2026-07-07T19:39:18+08:00,5,387,419,1.6,Sl+,simulate
2026-07-07T19:39:18+08:00,5,387,420,1.6,Sl+,simulate
2026-07-07T19:39:18+08:00,5,387,421,1.6,Sl+,simulate
2026-07-07T19:39:18+08:00,5,387,422,1.6,Sl+,simulate
2026-07-07T19:39:18+08:00,5,387,423,1.6,Sl+,simulate
2026-07-07T19:39:18+08:00,5,387,424,1.0,Sl+,simulate
2026-07-07T19:39:18+08:00,5,387,425,1.0,Sl+,simulate
2026-07-07T19:39:23+08:00,10,387,387,92.2,Rl+,simulate
2026-07-07T19:39:23+08:00,10,387,395,0.7,Sl+,simulate
2026-07-07T19:39:23+08:00,10,387,396,0.6,Sl+,simulate
2026-07-07T19:39:23+08:00,10,387,397,0.6,Sl+,simulate
2026-07-07T19:39:23+08:00,10,387,398,0.7,Sl+,simulate
2026-07-07T19:39:23+08:00,10,387,399,0.7,Sl+,simulate
2026-07-07T19:39:23+08:00,10,387,400,0.7,Sl+,simulate
2026-07-07T19:39:23+08:00,10,387,401,0.7,Sl+,simulate
2026-07-07T19:39:23+08:00,10,387,402,0.7,Sl+,simulate
2026-07-07T19:39:23+08:00,10,387,403,0.7,Sl+,simulate
2026-07-07T19:39:23+08:00,10,387,404,0.7,Sl+,simulate
2026-07-07T19:39:23+08:00,10,387,405,0.7,Sl+,simulate
2026-07-07T19:39:23+08:00,10,387,406,0.6,Sl+,simulate
2026-07-07T19:39:23+08:00,10,387,407,0.7,Sl+,simulate
2026-07-07T19:39:23+08:00,10,387,408,0.7,Sl+,simulate
2026-07-07T19:39:23+08:00,10,387,409,0.7,Sl+,simulate
2026-07-07T19:39:23+08:00,10,387,410,0.7,Sl+,simulate
2026-07-07T19:39:23+08:00,10,387,411,0.7,Sl+,simulate
2026-07-07T19:39:23+08:00,10,387,412,0.7,Sl+,simulate
2026-07-07T19:39:23+08:00,10,387,413,0.7,Sl+,simulate
2026-07-07T19:39:23+08:00,10,387,414,0.7,Sl+,simulate
2026-07-07T19:39:23+08:00,10,387,415,0.7,Sl+,simulate
2026-07-07T19:39:23+08:00,10,387,416,0.6,Sl+,simulate
2026-07-07T19:39:23+08:00,10,387,417,0.7,Sl+,simulate
2026-07-07T19:39:23+08:00,10,387,418,0.7,Sl+,simulate
2026-07-07T19:39:23+08:00,10,387,419,0.7,Sl+,simulate
2026-07-07T19:39:23+08:00,10,387,420,0.7,Sl+,simulate
2026-07-07T19:39:23+08:00,10,387,421,0.7,Sl+,simulate
2026-07-07T19:39:23+08:00,10,387,422,0.7,Sl+,simulate
2026-07-07T19:39:23+08:00,10,387,423,0.7,Sl+,simulate
2026-07-07T19:39:23+08:00,10,387,424,0.4,Sl+,simulate
2026-07-07T19:39:23+08:00,10,387,425,0.4,Sl+,simulate
2026-07-07T19:39:29+08:00,16,387,387,93.3,Rl+,simulate
2026-07-07T19:39:29+08:00,16,387,395,0.4,Sl+,simulate
2026-07-07T19:39:29+08:00,16,387,396,0.4,Sl+,simulate
2026-07-07T19:39:29+08:00,16,387,397,0.4,Sl+,simulate
2026-07-07T19:39:29+08:00,16,387,398,0.4,Sl+,simulate
2026-07-07T19:39:29+08:00,16,387,399,0.4,Sl+,simulate
2026-07-07T19:39:29+08:00,16,387,400,0.4,Sl+,simulate
2026-07-07T19:39:29+08:00,16,387,401,0.4,Sl+,simulate
2026-07-07T19:39:29+08:00,16,387,402,0.4,Sl+,simulate
2026-07-07T19:39:29+08:00,16,387,403,0.4,Sl+,simulate
2026-07-07T19:39:29+08:00,16,387,404,0.4,Sl+,simulate
2026-07-07T19:39:29+08:00,16,387,405,0.4,Sl+,simulate
2026-07-07T19:39:29+08:00,16,387,406,0.4,Sl+,simulate
2026-07-07T19:39:29+08:00,16,387,407,0.4,Sl+,simulate
2026-07-07T19:39:29+08:00,16,387,408,0.4,Sl+,simulate
2026-07-07T19:39:29+08:00,16,387,409,0.4,Sl+,simulate
2026-07-07T19:39:29+08:00,16,387,410,0.4,Sl+,simulate
2026-07-07T19:39:29+08:00,16,387,411,0.4,Sl+,simulate
2026-07-07T19:39:29+08:00,16,387,412,0.4,Sl+,simulate
2026-07-07T19:39:29+08:00,16,387,413,0.4,Sl+,simulate
2026-07-07T19:39:29+08:00,16,387,414,0.4,Sl+,simulate
2026-07-07T19:39:29+08:00,16,387,415,0.4,Sl+,simulate
2026-07-07T19:39:29+08:00,16,387,416,0.4,Sl+,simulate
2026-07-07T19:39:29+08:00,16,387,417,0.4,Sl+,simulate
2026-07-07T19:39:29+08:00,16,387,418,0.4,Sl+,simulate
2026-07-07T19:39:29+08:00,16,387,419,0.4,Sl+,simulate
2026-07-07T19:39:29+08:00,16,387,420,0.4,Sl+,simulate
2026-07-07T19:39:29+08:00,16,387,421,0.4,Sl+,simulate
2026-07-07T19:39:29+08:00,16,387,422,0.4,Sl+,simulate
2026-07-07T19:39:29+08:00,16,387,423,0.4,Sl+,simulate
2026-07-07T19:39:29+08:00,16,387,424,0.2,Sl+,simulate
2026-07-07T19:39:29+08:00,16,387,425,0.2,Sl+,simulate
2026-07-07T19:39:35+08:00,22,387,387,97.8,Rl+,simulate
2026-07-07T19:39:35+08:00,22,387,395,0.3,Sl+,simulate
2026-07-07T19:39:35+08:00,22,387,396,0.3,Sl+,simulate
2026-07-07T19:39:35+08:00,22,387,397,0.3,Sl+,simulate
2026-07-07T19:39:35+08:00,22,387,398,0.3,Sl+,simulate
2026-07-07T19:39:35+08:00,22,387,399,0.3,Sl+,simulate
2026-07-07T19:39:35+08:00,22,387,400,0.3,Sl+,simulate
2026-07-07T19:39:35+08:00,22,387,401,0.3,Sl+,simulate
2026-07-07T19:39:35+08:00,22,387,402,0.3,Sl+,simulate
2026-07-07T19:39:35+08:00,22,387,403,0.3,Sl+,simulate
2026-07-07T19:39:35+08:00,22,387,404,0.3,Sl+,simulate
2026-07-07T19:39:35+08:00,22,387,405,0.3,Sl+,simulate
2026-07-07T19:39:35+08:00,22,387,406,0.3,Sl+,simulate
2026-07-07T19:39:35+08:00,22,387,407,0.3,Sl+,simulate
2026-07-07T19:39:35+08:00,22,387,408,0.3,Sl+,simulate
2026-07-07T19:39:35+08:00,22,387,409,0.3,Sl+,simulate
2026-07-07T19:39:35+08:00,22,387,410,0.3,Sl+,simulate
2026-07-07T19:39:35+08:00,22,387,411,0.3,Sl+,simulate
2026-07-07T19:39:35+08:00,22,387,412,0.3,Sl+,simulate
2026-07-07T19:39:35+08:00,22,387,413,0.3,Sl+,simulate
2026-07-07T19:39:35+08:00,22,387,414,0.3,Sl+,simulate
2026-07-07T19:39:35+08:00,22,387,415,0.3,Sl+,simulate
2026-07-07T19:39:35+08:00,22,387,416,0.3,Sl+,simulate
2026-07-07T19:39:35+08:00,22,387,417,0.3,Sl+,simulate
2026-07-07T19:39:35+08:00,22,387,418,0.3,Sl+,simulate
2026-07-07T19:39:35+08:00,22,387,419,0.3,Sl+,simulate
2026-07-07T19:39:35+08:00,22,387,420,0.3,Sl+,simulate
2026-07-07T19:39:35+08:00,22,387,421,0.3,Sl+,simulate
2026-07-07T19:39:35+08:00,22,387,422,0.3,Sl+,simulate
2026-07-07T19:39:35+08:00,22,387,423,0.3,Sl+,simulate
2026-07-07T19:39:35+08:00,22,387,424,0.2,Sl+,simulate
2026-07-07T19:39:35+08:00,22,387,425,0.2,Sl+,simulate
2026-07-07T19:39:41+08:00,28,387,387,97.1,Rl+,simulate
2026-07-07T19:39:41+08:00,28,387,395,0.2,Sl+,simulate
2026-07-07T19:39:41+08:00,28,387,396,0.2,Sl+,simulate
2026-07-07T19:39:41+08:00,28,387,397,0.2,Sl+,simulate
2026-07-07T19:39:41+08:00,28,387,398,0.2,Sl+,simulate
2026-07-07T19:39:41+08:00,28,387,399,0.2,Sl+,simulate
2026-07-07T19:39:41+08:00,28,387,400,0.2,Sl+,simulate
2026-07-07T19:39:41+08:00,28,387,401,0.2,Sl+,simulate
2026-07-07T19:39:41+08:00,28,387,402,0.2,Sl+,simulate
2026-07-07T19:39:41+08:00,28,387,403,0.2,Sl+,simulate
2026-07-07T19:39:41+08:00,28,387,404,0.2,Sl+,simulate
2026-07-07T19:39:41+08:00,28,387,405,0.2,Sl+,simulate
2026-07-07T19:39:41+08:00,28,387,406,0.2,Sl+,simulate
2026-07-07T19:39:41+08:00,28,387,407,0.2,Sl+,simulate
2026-07-07T19:39:41+08:00,28,387,408,0.2,Sl+,simulate
2026-07-07T19:39:41+08:00,28,387,409,0.2,Sl+,simulate
2026-07-07T19:39:41+08:00,28,387,410,0.2,Sl+,simulate
2026-07-07T19:39:41+08:00,28,387,411,0.2,Sl+,simulate
2026-07-07T19:39:41+08:00,28,387,412,0.2,Sl+,simulate
2026-07-07T19:39:41+08:00,28,387,413,0.2,Sl+,simulate
2026-07-07T19:39:41+08:00,28,387,414,0.2,Sl+,simulate
2026-07-07T19:39:41+08:00,28,387,415,0.2,Sl+,simulate
2026-07-07T19:39:41+08:00,28,387,416,0.2,Sl+,simulate
2026-07-07T19:39:41+08:00,28,387,417,0.2,Sl+,simulate
2026-07-07T19:39:41+08:00,28,387,418,0.2,Sl+,simulate
2026-07-07T19:39:41+08:00,28,387,419,0.2,Sl+,simulate
2026-07-07T19:39:41+08:00,28,387,420,0.2,Sl+,simulate
2026-07-07T19:39:41+08:00,28,387,421,0.2,Sl+,simulate
2026-07-07T19:39:41+08:00,28,387,422,0.2,Sl+,simulate
2026-07-07T19:39:41+08:00,28,387,423,0.2,Sl+,simulate
2026-07-07T19:39:41+08:00,28,387,424,0.1,Sl+,simulate
2026-07-07T19:39:41+08:00,28,387,425,0.1,Sl+,simulate
2026-07-07T19:39:46+08:00,33,387,387,96.4,Rl+,simulate
2026-07-07T19:39:46+08:00,33,387,395,0.2,Sl+,simulate
2026-07-07T19:39:46+08:00,33,387,396,0.2,Sl+,simulate
2026-07-07T19:39:46+08:00,33,387,397,0.2,Sl+,simulate
2026-07-07T19:39:46+08:00,33,387,398,0.2,Sl+,simulate
2026-07-07T19:39:46+08:00,33,387,399,0.2,Sl+,simulate
2026-07-07T19:39:46+08:00,33,387,400,0.2,Sl+,simulate
2026-07-07T19:39:46+08:00,33,387,401,0.2,Sl+,simulate
2026-07-07T19:39:46+08:00,33,387,402,0.2,Sl+,simulate
2026-07-07T19:39:46+08:00,33,387,403,0.2,Sl+,simulate
2026-07-07T19:39:46+08:00,33,387,404,0.2,Sl+,simulate
2026-07-07T19:39:46+08:00,33,387,405,0.2,Sl+,simulate
2026-07-07T19:39:46+08:00,33,387,406,0.2,Sl+,simulate
2026-07-07T19:39:46+08:00,33,387,407,0.2,Sl+,simulate
2026-07-07T19:39:46+08:00,33,387,408,0.2,Sl+,simulate
2026-07-07T19:39:46+08:00,33,387,409,0.2,Sl+,simulate
2026-07-07T19:39:46+08:00,33,387,410,0.2,Sl+,simulate
2026-07-07T19:39:46+08:00,33,387,411,0.2,Sl+,simulate
2026-07-07T19:39:46+08:00,33,387,412,0.2,Sl+,simulate
2026-07-07T19:39:46+08:00,33,387,413,0.2,Sl+,simulate
2026-07-07T19:39:46+08:00,33,387,414,0.2,Sl+,simulate
2026-07-07T19:39:46+08:00,33,387,415,0.2,Sl+,simulate
2026-07-07T19:39:46+08:00,33,387,416,0.2,Sl+,simulate
2026-07-07T19:39:46+08:00,33,387,417,0.2,Sl+,simulate
2026-07-07T19:39:46+08:00,33,387,418,0.2,Sl+,simulate
2026-07-07T19:39:46+08:00,33,387,419,0.2,Sl+,simulate
2026-07-07T19:39:46+08:00,33,387,420,0.2,Sl+,simulate
2026-07-07T19:39:46+08:00,33,387,421,0.2,Sl+,simulate
2026-07-07T19:39:46+08:00,33,387,422,0.2,Sl+,simulate
2026-07-07T19:39:46+08:00,33,387,423,0.2,Sl+,simulate
2026-07-07T19:39:46+08:00,33,387,424,0.1,Sl+,simulate
2026-07-07T19:39:46+08:00,33,387,425,0.1,Sl+,simulate
